{
  "results": [
    {
      "command": "perl-0.6.11-c1",
      "mean": 2716.8248410441397,
      "stddev": 11.834960052338309,
      "median": 2715.67091540644,
      "user": 4332.19022246,
      "system": 104.43299354000001,
      "min": 2706.21602722894,
      "max": 2748.56523558894,
      "times": [
        2717.71125294194,
        2706.21602722894,
        2710.13202057794,
        2710.06023652394,
        2715.67869498894,
        2717.07500705294,
        2717.13626106394,
        2748.56523558894,
        2710.01053864994,
        2715.66313582394
      ],
      "memory_usage_byte": [
        21172224,
        21172224,
        21176320,
        21176320,
        21184512,
        21184512,
        21184512,
        21204992,
        21233664,
        21233664
      ],
      "exit_codes": [
        0,
        0,
        0,
        0,
        0,
        0,
        0,
        0,
        0,
        0
      ]
    }
  ]
}
