{
  "results": [
    {
      "command": "perl-0.6.11-c16",
      "mean": 231.4682497455,
      "stddev": 1.9974527679970484,
      "median": 230.9307678225,
      "user": 2842.14457186,
      "system": 257.66565866,
      "min": 229.103551371,
      "max": 236.08369919,
      "times": [
        236.08369919,
        230.421491755,
        229.103551371,
        231.54700524900002,
        230.71094215000002,
        230.948059091,
        230.913476554,
        231.960731955,
        229.691745223,
        233.30179491700002
      ],
      "memory_usage_byte": [
        123813888,
        123813888,
        123813888,
        123813888,
        123813888,
        123813888,
        123813888,
        129597440,
        129597440,
        129597440
      ],
      "exit_codes": [
        0,
        0,
        0,
        0,
        0,
        0,
        0,
        0,
        0,
        0
      ]
    }
  ]
}
