{
  "results": [
    {
      "command": "perl-0.6.11-c4",
      "mean": 408.91346083922,
      "stddev": 0.6409705609776899,
      "median": 409.08419850121993,
      "user": 2687.14275356,
      "system": 239.42532283999998,
      "min": 407.71341294222,
      "max": 409.64090815922,
      "times": [
        409.10046039521995,
        409.31662183722,
        409.64090815922,
        408.80765673122,
        408.36915612321997,
        409.06793660721996,
        409.29486609622,
        409.63773784022,
        407.71341294222,
        408.18585166021995
      ],
      "memory_usage_byte": [
        46723072,
        46723072,
        64376832,
        113860608,
        113860608,
        113860608,
        113860608,
        113860608,
        113860608,
        113860608
      ],
      "exit_codes": [
        0,
        0,
        0,
        0,
        0,
        0,
        0,
        0,
        0,
        0
      ]
    }
  ]
}
