{
  "results": [
    {
      "command": "perl-0.6.11-c8",
      "mean": 257.2318263449,
      "stddev": 1.3755001337907047,
      "median": 257.3337765727,
      "user": 2727.57941806,
      "system": 244.56041467999998,
      "min": 254.8431706927,
      "max": 260.0507964607,
      "times": [
        256.7801617697,
        257.8978937717,
        257.3987538197,
        257.5519931757,
        254.8431706927,
        257.2687993257,
        255.9143674197,
        260.0507964607,
        256.6543959527,
        257.9579310607
      ],
      "memory_usage_byte": [
        99921920,
        99921920,
        99921920,
        100532224,
        100532224,
        100532224,
        100532224,
        100532224,
        100532224,
        100532224
      ],
      "exit_codes": [
        0,
        0,
        0,
        0,
        0,
        0,
        0,
        0,
        0,
        0
      ]
    }
  ]
}
