{
  "results": [
    {
      "command": "rust-beta7-c8",
      "mean": 56.608994113739996,
      "stddev": 1.052459795129448,
      "median": 56.97606970554,
      "user": 496.6870912199999,
      "system": 4.70625792,
      "min": 54.838985409539994,
      "max": 58.220416208539994,
      "times": [
        57.13997141854,
        54.838985409539994,
        57.21430469254,
        57.090208367539994,
        57.17743948954,
        56.86193104354,
        55.21212287354,
        56.72895237554,
        55.60560925854,
        58.220416208539994
      ],
      "memory_usage_byte": [
        97394688,
        97394688,
        97394688,
        97865728,
        97865728,
        97865728,
        99819520,
        99819520,
        99819520,
        102141952
      ],
      "exit_codes": [
        0,
        0,
        0,
        0,
        0,
        0,
        0,
        0,
        0,
        0
      ]
    }
  ]
}
