{
  "results": [
    {
      "command": "rust-beta7-c24",
      "mean": 60.5841700047,
      "stddev": 4.04819210887781,
      "median": 60.5149879878,
      "user": 702.44953564,
      "system": 4.949037339999999,
      "min": 55.762751402800006,
      "max": 66.1760788088,
      "times": [
        58.8037042508,
        56.016806188800004,
        56.3138775258,
        55.762751402800006,
        64.9580967128,
        57.9535496568,
        64.5504281448,
        66.1760788088,
        62.2262717248,
        63.0801356308
      ],
      "memory_usage_byte": [
        108326912,
        108326912,
        108326912,
        108326912,
        108326912,
        108326912,
        108326912,
        108326912,
        108326912,
        108326912
      ],
      "exit_codes": [
        0,
        0,
        0,
        0,
        0,
        0,
        0,
        0,
        0,
        0
      ]
    }
  ]
}
