{
  "results": [
    {
      "command": "rust-beta7-c12",
      "mean": 60.32592262338001,
      "stddev": 1.7670024335192573,
      "median": 59.60012631268,
      "user": 604.2689720200001,
      "system": 5.5717099,
      "min": 58.722963592679996,
      "max": 63.70034442468,
      "times": [
        59.34468668468,
        63.70034442468,
        59.746508522679996,
        59.45374410268,
        59.25474497468,
        58.722963592679996,
        60.46356625768,
        63.29759214768,
        58.88245376268,
        60.39262176368
      ],
      "memory_usage_byte": [
        88346624,
        89141248,
        89141248,
        89141248,
        89141248,
        92418048,
        92418048,
        92418048,
        92418048,
        92930048
      ],
      "exit_codes": [
        0,
        0,
        0,
        0,
        0,
        0,
        0,
        0,
        0,
        0
      ]
    }
  ]
}
