{
  "results": [
    {
      "command": "rust-beta5-c4",
      "mean": 277.23132213763995,
      "stddev": 0.9163164589020767,
      "median": 277.13101293243994,
      "user": 1171.32302078,
      "system": 4.2951687,
      "min": 275.78980296443996,
      "max": 278.67230512844,
      "times": [
        277.22995090243995,
        276.82185408443996,
        278.67230512844,
        276.72507212244,
        278.33051490544,
        277.03207496244,
        278.11981128444,
        275.78980296443996,
        277.32594892744,
        276.26588609443996
      ],
      "memory_usage_byte": [
        58511360,
        66670592,
        66670592,
        69050368,
        69050368,
        69050368,
        69050368,
        69050368,
        73969664,
        73969664
      ],
      "exit_codes": [
        0,
        0,
        0,
        0,
        0,
        0,
        0,
        0,
        0,
        0
      ]
    }
  ]
}
