{
  "results": [
    {
      "command": "rust-beta5-c12",
      "mean": 93.73459531927999,
      "stddev": 0.1731944350153538,
      "median": 93.74540321888,
      "user": 1184.7403958999998,
      "system": 4.798532359999999,
      "min": 93.43947170938,
      "max": 94.02159293038,
      "times": [
        93.80901861838,
        93.67063326038,
        93.72765826038,
        93.52813854338,
        93.43947170938,
        93.76314817738,
        94.02159293038,
        93.77991319238,
        93.66917523738,
        93.93720326338
      ],
      "memory_usage_byte": [
        137932800,
        137932800,
        138100736,
        138100736,
        145281024,
        145281024,
        145281024,
        145281024,
        145281024,
        145281024
      ],
      "exit_codes": [
        0,
        0,
        0,
        0,
        0,
        0,
        0,
        0,
        0,
        0
      ]
    }
  ]
}
