{
  "results": [
    {
      "command": "rust-beta7-c16",
      "mean": 61.337150733659996,
      "stddev": 2.2235326893788927,
      "median": 61.94122030606,
      "user": 701.55412,
      "system": 4.93917988,
      "min": 57.66130451956,
      "max": 64.09666720256,
      "times": [
        57.971244198559994,
        63.32868972855999,
        61.93180323456,
        62.404316618559996,
        59.776156317559995,
        61.95063737756,
        64.09666720256,
        63.249293837559996,
        57.66130451956,
        61.00139430156
      ],
      "memory_usage_byte": [
        94973952,
        99196928,
        99196928,
        99196928,
        99196928,
        99196928,
        99196928,
        99196928,
        120266752,
        120266752
      ],
      "exit_codes": [
        0,
        0,
        0,
        0,
        0,
        0,
        0,
        0,
        0,
        0
      ]
    }
  ]
}
