{
  "results": [
    {
      "command": "rust-beta5-c1",
      "mean": 899.15080934732,
      "stddev": 14.048951465024734,
      "median": 894.4405925030201,
      "user": 894.3495081799999,
      "system": 4.54440008,
      "min": 890.29450192252,
      "max": 936.98043927752,
      "times": [
        893.00083285752,
        892.83473175552,
        890.29450192252,
        895.52361472452,
        906.47763168052,
        936.98043927752,
        895.01496441752,
        893.86622058852,
        890.66869786152,
        896.84645838752
      ],
      "memory_usage_byte": [
        5378048,
        5378048,
        5378048,
        5378048,
        5378048,
        5378048,
        5378048,
        5378048,
        5378048,
        5378048
      ],
      "exit_codes": [
        0,
        0,
        0,
        0,
        0,
        0,
        0,
        0,
        0,
        0
      ]
    }
  ]
}
