{
  "results": [
    {
      "command": "rust-beta5-c16",
      "mean": 77.79157801454,
      "stddev": 0.9110685521154148,
      "median": 77.52485970293999,
      "user": 1227.58944082,
      "system": 5.901985139999999,
      "min": 77.25566821694,
      "max": 80.31863196293999,
      "times": [
        77.50356746194,
        77.68264288094,
        77.39138774994,
        80.31863196293999,
        77.54615194393999,
        77.60012626394,
        77.94933129793999,
        77.36546600893999,
        77.30280635794,
        77.25566821694
      ],
      "memory_usage_byte": [
        190091264,
        194621440,
        197259264,
        200503296,
        200503296,
        200503296,
        200503296,
        200503296,
        200503296,
        200503296
      ],
      "exit_codes": [
        0,
        0,
        0,
        0,
        0,
        0,
        0,
        0,
        0,
        0
      ]
    }
  ]
}
