{
  "results": [
    {
      "command": "rust-beta5-c8",
      "mean": 138.9755491074,
      "stddev": 0.16149416715771678,
      "median": 138.947503792,
      "user": 1169.4290333599997,
      "system": 5.309173200000001,
      "min": 138.7989797095,
      "max": 139.2918789635,
      "times": [
        138.8234233615,
        139.0061112355,
        139.1170995535,
        139.0272067965,
        138.8699441935,
        138.8888963485,
        139.2918789635,
        138.8283959805,
        138.7989797095,
        139.10355493149999
      ],
      "memory_usage_byte": [
        105136128,
        105136128,
        105136128,
        111919104,
        111919104,
        111919104,
        111919104,
        111919104,
        111919104,
        111919104
      ],
      "exit_codes": [
        0,
        0,
        0,
        0,
        0,
        0,
        0,
        0,
        0,
        0
      ]
    }
  ]
}
