{
  "results": [
    {
      "command": "rust-beta7-c10",
      "mean": 58.21569964912,
      "stddev": 2.149208185060471,
      "median": 57.46766713212,
      "user": 537.4742402999998,
      "system": 5.28678998,
      "min": 55.757190666620005,
      "max": 61.68943291662,
      "times": [
        61.645206009620004,
        59.40355610662,
        61.68943291662,
        57.30441101262,
        57.357387945620005,
        57.57794631862,
        55.757190666620005,
        55.761411656620005,
        56.83180991262,
        58.82864394562
      ],
      "memory_usage_byte": [
        81383424,
        81383424,
        81383424,
        82395136,
        87298048,
        87298048,
        87298048,
        87298048,
        93368320,
        93368320
      ],
      "exit_codes": [
        0,
        0,
        0,
        0,
        0,
        0,
        0,
        0,
        0,
        0
      ]
    }
  ]
}
