{
  "results": [
    {
      "command": "rust-beta5-c10",
      "mean": 111.43438686250002,
      "stddev": 0.2873953261661128,
      "median": 111.3311698741,
      "user": 1173.152091,
      "system": 4.6651378999999995,
      "min": 111.1455356561,
      "max": 112.1176715141,
      "times": [
        111.2940283191,
        111.5840940491,
        111.3374754851,
        111.2117939781,
        111.6720757781,
        111.3064613351,
        111.3248642631,
        111.1455356561,
        111.3498682471,
        112.1176715141
      ],
      "memory_usage_byte": [
        125857792,
        130924544,
        130924544,
        130924544,
        131362816,
        140075008,
        140075008,
        140075008,
        140075008,
        140075008
      ],
      "exit_codes": [
        0,
        0,
        0,
        0,
        0,
        0,
        0,
        0,
        0,
        0
      ]
    }
  ]
}
