{
  "results": [
    {
      "command": "rust-beta7-c4",
      "mean": 80.87842650248,
      "stddev": 0.36526485817410326,
      "median": 80.83942582778,
      "user": 385.39019836000006,
      "system": 3.95816546,
      "min": 80.18018837628,
      "max": 81.45444227028,
      "times": [
        81.45444227028,
        81.19524948328,
        81.24399083228,
        80.72226911728,
        80.80648848728,
        80.98752772828,
        80.18018837628,
        80.58583368628,
        80.87236316828,
        80.73591187528
      ],
      "memory_usage_byte": [
        77623296,
        77623296,
        77623296,
        77623296,
        77623296,
        77623296,
        78692352,
        78692352,
        79826944,
        79826944
      ],
      "exit_codes": [
        0,
        0,
        0,
        0,
        0,
        0,
        0,
        0,
        0,
        0
      ]
    }
  ]
}
