{
  "results": [
    {
      "command": "rust-beta5-c14",
      "mean": 80.50212763302,
      "stddev": 0.13838158882801851,
      "median": 80.50071511702,
      "user": 1190.50807862,
      "system": 4.76439042,
      "min": 80.31749780951999,
      "max": 80.74723888951999,
      "times": [
        80.31749780951999,
        80.49875065952,
        80.40250021752,
        80.50267957451999,
        80.67835115551999,
        80.74723888951999,
        80.44908002852,
        80.33255125452,
        80.57555770052,
        80.51706904052
      ],
      "memory_usage_byte": [
        172511232,
        172511232,
        172511232,
        172511232,
        172511232,
        172511232,
        172511232,
        172511232,
        172511232,
        172511232
      ],
      "exit_codes": [
        0,
        0,
        0,
        0,
        0,
        0,
        0,
        0,
        0,
        0
      ]
    }
  ]
}
