{
  "results": [
    {
      "command": "rust-beta5-c24",
      "mean": 84.70999956692,
      "stddev": 0.9691809101424177,
      "median": 84.65648650632001,
      "user": 1342.3238843,
      "system": 6.7360418,
      "min": 83.26297133782,
      "max": 86.48720668282,
      "times": [
        85.22477296682,
        85.65234755482,
        83.94505184882,
        86.48720668282,
        84.64526768782001,
        85.29109458082,
        83.26297133782,
        83.96046698882,
        84.66770532482,
        83.96311069582
      ],
      "memory_usage_byte": [
        193847296,
        198737920,
        198737920,
        198737920,
        198737920,
        198737920,
        198737920,
        198737920,
        198737920,
        198737920
      ],
      "exit_codes": [
        0,
        0,
        0,
        0,
        0,
        0,
        0,
        0,
        0,
        0
      ]
    }
  ]
}
