{
  "results": [
    {
      "command": "rust-beta7-c1",
      "mean": 328.84761592524,
      "stddev": 0.6336204781963967,
      "median": 328.94808148054,
      "user": 324.67215423999994,
      "system": 4.14258506,
      "min": 327.78371189604,
      "max": 330.04189784904,
      "times": [
        329.32690500604,
        328.09038949204,
        328.98879876204,
        329.05466320704,
        327.78371189604,
        328.90736419904,
        329.03708677604,
        330.04189784904,
        328.77838320804,
        328.46695885704
      ],
      "memory_usage_byte": [
        5373952,
        5406720,
        5406720,
        5406720,
        5406720,
        5406720,
        5406720,
        5406720,
        5406720,
        5406720
      ],
      "exit_codes": [
        0,
        0,
        0,
        0,
        0,
        0,
        0,
        0,
        0,
        0
      ]
    }
  ]
}
