{
  "results": [
    {
      "command": "rust-beta7-c14",
      "mean": 61.08837966835999,
      "stddev": 1.0518231508990314,
      "median": 61.330736149959996,
      "user": 671.760828,
      "system": 5.409890219999999,
      "min": 58.55891910946,
      "max": 62.49730677546,
      "times": [
        60.32747055246,
        61.29493569346,
        58.55891910946,
        62.49730677546,
        61.37301087845999,
        61.366536606459995,
        60.90561521446,
        61.15366337346,
        61.69576551946,
        61.71057296046
      ],
      "memory_usage_byte": [
        89915392,
        89915392,
        89915392,
        91377664,
        92106752,
        92106752,
        92282880,
        92282880,
        92282880,
        92282880
      ],
      "exit_codes": [
        0,
        0,
        0,
        0,
        0,
        0,
        0,
        0,
        0,
        0
      ]
    }
  ]
}
