{
  "results": [
    {
      "command": "rust-beta7-c6",
      "mean": 79.54177231668,
      "stddev": 0.6387081421145627,
      "median": 79.37240669168,
      "user": 493.2985928599999,
      "system": 7.912514900000001,
      "min": 79.00481652468,
      "max": 80.24809373368,
      "times": [
        80.24809373368,
        79.37240669168,
        79.00481652468
      ],
      "memory_usage_byte": [
        221642752,
        221642752,
        221642752
      ],
      "exit_codes": [
        0,
        0,
        0
      ]
    }
  ]
}
