{
  "results": [
    {
      "command": "rust-beta7-c1",
      "mean": 455.73860018171337,
      "stddev": 17.27289228007435,
      "median": 454.67605793138,
      "user": 419.20228007333327,
      "system": 10.8479723,
      "min": 439.02150730638,
      "max": 473.51823530738,
      "times": [
        439.02150730638,
        454.67605793138,
        473.51823530738
      ],
      "memory_usage_byte": [
        8716288,
        8716288,
        8716288
      ],
      "exit_codes": [
        0,
        0,
        0
      ]
    }
  ]
}
