{
  "results": [
    {
      "command": "rust-beta7-c2",
      "mean": 220.74296573825333,
      "stddev": 6.996019411113632,
      "median": 217.54198272492,
      "user": 475.00384907999995,
      "system": 7.361443386666665,
      "min": 215.92009609892,
      "max": 228.76681839091998,
      "times": [
        217.54198272492,
        228.76681839091998,
        215.92009609892
      ],
      "memory_usage_byte": [
        89210880,
        89210880,
        89210880
      ],
      "exit_codes": [
        0,
        0,
        0
      ]
    }
  ]
}
