{
  "results": [
    {
      "command": "rust-beta7-c4",
      "mean": 112.49360899212002,
      "stddev": 2.409407706950254,
      "median": 112.16926104812,
      "user": 479.38099353999996,
      "system": 7.322985386666667,
      "min": 110.26280483912001,
      "max": 115.04876108912,
      "times": [
        112.16926104812,
        115.04876108912,
        110.26280483912001
      ],
      "memory_usage_byte": [
        130318336,
        130318336,
        130318336
      ],
      "exit_codes": [
        0,
        0,
        0
      ]
    }
  ]
}
